upn,manager
abhi,jjayaraman
siverma,jjayaraman
schaudhari,jjayaraman
stindell,jjayaraman
amoguilevski,jjayaraman
danguyen,jjayaraman
pnikzad,jjayaraman
ozavorin,jjayaraman
hkalashnyk,jjayaraman
vfateyev,jjayaraman
akotsenko,jjayaraman
amalko,jjayaraman
scherednychenko,jjayaraman
ishestopalov,jjayaraman
oarabadzhy,jjayaraman
ykrestyansky,jjayaraman
oshyrokov,jjayaraman
mzmushko,jjayaraman
ssrinivasan,jjayaraman
okimenker,jjayaraman
eosman,jjayaraman
balmeidamaldonado,jjayaraman
szumbado,jjayaraman
darce,jjayaraman
jiangtao.liu,jjayaraman
chen.qin,vvenkataraman
justin.smith,vvenkataraman
smurillo,vvenkataraman
rbarabas,vvenkataraman
kmayeux,vvenkataraman
nbidhuri,vvenkataraman
agore,vvenkataraman
kgovindaraj,vvenkataraman
skanakaraju,vvenkataraman
ssubbarayalu,vvenkataraman
dahuja,vvenkataraman
ngarimaldi.zteam,vvenkataraman
tcole.zteam,vvenkataraman
pwu,vvenkataraman
egordin,vvenkataraman
rananthula,vvenkataraman
vpattel,vvenkataraman
dalee,vvenkataraman
gparwar,vvenkataraman
lprasanna,vvenkataraman
dmunk,vvenkataraman
kduraikannu,vvenkataraman
arkumar,vvenkataraman
jjayaraman,vvenkataraman
lborbon,vvenkataraman
lisheng.liu,vvenkataraman
scott.blashek,vvenkataraman
joreddy,ssrinivasan
sansingh,ssrinivasan
ritsingh,ssrinivasan
dkatre,ssrinivasan
nroselin,ssrinivasan
rpolishetty,rpolishetty
sbalachandra,rpolishetty
vkannan,rpolishetty
mhazarika,rpolishetty
cponmudi,rpolishetty
dramamoorthy,rpolishetty
smotapothula,rpolishetty
gbalakrishnan,rpolishetty
hkunkasubramanian,rpolishetty
achaudhary,rpolishetty
mtripathy,rpolishetty
bshanmugasundaram,rpolishetty
pbaskar,rpolishetty